name,general.t_stop,general.n_batch,general.t_batch,general.random_generator,general.random_seed,tasks.arrival_rate_1,tasks.arrival_rate_2,tasks.n_generated_1,tasks.n_generated_2,system/cloudlet.service_rate_1,system/cloudlet.service_rate_2,system/cloudlet.n_servers,system/cloudlet.threshold,system/cloud.service_rate_1,system/cloud.service_rate_2,system/cloud.setup_mean,system/statistics.t_response_mean,system/statistics.t_response_sdev,system/statistics.t_response_cint,system/statistics.throughput_mean,system/statistics.throughput_sdev,system/statistics.throughput_cint,
SIMULATION-THRESHOLD-1,1000,10,100,MarcianiMultiStream,123456789,3.25,6.25,3244,6330,0.45,0.3,20,1,0.25,0.22,0.8,3.806,0.122,0.092,2236.534,1498.176,1129.703,
SIMULATION-THRESHOLD-2,1000,10,100,MarcianiMultiStream,123456789,3.25,6.25,3244,6330,0.45,0.3,20,2,0.25,0.22,0.8,3.8,0.135,0.102,2286.519,1561.955,1177.796,
SIMULATION-THRESHOLD-3,1000,10,100,MarcianiMultiStream,123456789,3.25,6.25,3244,6330,0.45,0.3,20,3,0.25,0.22,0.8,3.789,0.136,0.102,2111.379,1324.938,999.073,
SIMULATION-THRESHOLD-4,1000,10,100,MarcianiMultiStream,123456789,3.25,6.25,3244,6330,0.45,0.3,20,4,0.25,0.22,0.8,3.82,0.131,0.099,2444.802,1621.661,1222.818,
SIMULATION-THRESHOLD-5,1000,10,100,MarcianiMultiStream,123456789,3.25,6.25,3244,6330,0.45,0.3,20,5,0.25,0.22,0.8,3.812,0.148,0.112,2500.688,1849.224,1394.412,
SIMULATION-THRESHOLD-6,1000,10,100,MarcianiMultiStream,123456789,3.25,6.25,3244,6330,0.45,0.3,20,6,0.25,0.22,0.8,3.819,0.135,0.102,2627.699,1836.635,1384.919,
SIMULATION-THRESHOLD-7,1000,10,100,MarcianiMultiStream,123456789,3.25,6.25,3244,6330,0.45,0.3,20,7,0.25,0.22,0.8,3.827,0.125,0.095,2784.78,1854.19,1398.156,
SIMULATION-THRESHOLD-8,1000,10,100,MarcianiMultiStream,123456789,3.25,6.25,3244,6330,0.45,0.3,20,8,0.25,0.22,0.8,3.835,0.133,0.1,2541.324,1896.231,1429.858,
SIMULATION-THRESHOLD-9,1000,10,100,MarcianiMultiStream,123456789,3.25,6.25,3244,6330,0.45,0.3,20,9,0.25,0.22,0.8,3.825,0.168,0.126,2144.578,1398.075,1054.222,
SIMULATION-THRESHOLD-10,1000,10,100,MarcianiMultiStream,123456789,3.25,6.25,3244,6330,0.45,0.3,20,10,0.25,0.22,0.8,3.877,0.206,0.155,1967.119,1246.17,939.677,
SIMULATION-THRESHOLD-11,1000,10,100,MarcianiMultiStream,123456789,3.25,6.25,3244,6330,0.45,0.3,20,11,0.25,0.22,0.8,3.861,0.17,0.128,2703.149,1879.359,1417.135,
SIMULATION-THRESHOLD-12,1000,10,100,MarcianiMultiStream,123456789,3.25,6.25,3244,6330,0.45,0.3,20,12,0.25,0.22,0.8,3.968,0.173,0.131,2633.265,1892.763,1427.243,
SIMULATION-THRESHOLD-13,1000,10,100,MarcianiMultiStream,123456789,3.25,6.25,3244,6330,0.45,0.3,20,13,0.25,0.22,0.8,3.967,0.19,0.143,2548.962,1568.046,1182.389,
SIMULATION-THRESHOLD-14,1000,10,100,MarcianiMultiStream,123456789,3.25,6.25,3244,6330,0.45,0.3,20,14,0.25,0.22,0.8,4.02,0.13,0.098,2453.529,1602.319,1208.232,
SIMULATION-THRESHOLD-15,1000,10,100,MarcianiMultiStream,123456789,3.25,6.25,3244,6330,0.45,0.3,20,15,0.25,0.22,0.8,4.043,0.129,0.098,2437.129,1738.4,1310.845,
SIMULATION-THRESHOLD-16,1000,10,100,MarcianiMultiStream,123456789,3.25,6.25,3244,6330,0.45,0.3,20,16,0.25,0.22,0.8,4.137,0.165,0.124,2435.698,1848.825,1394.111,
SIMULATION-THRESHOLD-17,1000,10,100,MarcianiMultiStream,123456789,3.25,6.25,3244,6330,0.45,0.3,20,17,0.25,0.22,0.8,4.258,0.35,0.264,2636.532,1925.146,1451.661,
SIMULATION-THRESHOLD-18,1000,10,100,MarcianiMultiStream,123456789,3.25,6.25,3244,6330,0.45,0.3,20,18,0.25,0.22,0.8,4.252,0.194,0.146,2241.066,1708.849,1288.562,
SIMULATION-THRESHOLD-19,1000,10,100,MarcianiMultiStream,123456789,3.25,6.25,3244,6330,0.45,0.3,20,19,0.25,0.22,0.8,4.323,0.225,0.17,2263.018,1466.691,1105.962,
SIMULATION-THRESHOLD-20,1000,10,100,MarcianiMultiStream,123456789,3.25,6.25,3244,6330,0.45,0.3,20,20,0.25,0.22,0.8,4.416,0.216,0.163,2226.628,1580.785,1191.994,
